Project URL,City,State/Province,Country,City Organizer(s),Collaborating Organizations//
https://www.inaturalist.org/projects/city-nature-challenge-2019-abq,Albuquerque,New Mexico,USA,UNM Department of Geography and Environmental Studies&#44; The Nature Conservancy-New Mexico,Albuquerque Public Library&#44; Defenders of Wildlife&#44; Albuquerque Open Space&#44; Albuquerque Open Space Alliance&#44; Valle de Oro&#44; Friends of Valle de Oro&#44; New Mexico Herpetological Society&#44; Bernalillo County Open Space Master Naturalists&#44; Urban Bird Coalition&#44; Rio Grande Phenology Trail&#44; Central New Mexico Audubon&#44; NM MESA//
https://www.inaturalist.org/projects/city-nature-challenge-2019-alexandria-va,Alexandria,Virginia,USA,Jerome &#34;Buddie&#34; Ford Nature Center,//
,Amarillo,Texas,USA,Texas Master Naturalist,Palo Duro Canyon State Park//
https://www.naturalista.mx/projects/reto-urbano-naturalista-2019-cabada,Angel R Cabada,Veracruz,Mexico,Obed Palagot Echavarria&#44; Daniela Jacome Hernandez&#44; Mario Berthely Salazar&#44; Leopoldo Arlandiz Echavarria&#44; Gabriel Villalba,ECOPIL ARTE CREA CONCIENCIA&#44; RADIO CABADENSE 103.1 FM&#44; H AYUNTAMIENTO DE ANGEL R CABADA&#44; MARIPOSARIO KALI PAPALOTE//
https://www.inaturalist.org/projects/city-nature-challenge-2019-ann-arbor,Ann Arbor,Michigan,USA,City of Ann Arbor,//
https://www.inaturalist.org/projects/city-nature-challenge-2019-aracaju,Aracaju,,Brazil,,//
https://www.inaturalist.org/projects/city-nature-challenge-2019-western-nc,Asheville,North Carolina,USA,Jonathan Marchal,The North Carolina Arboretum&#44; The Cradle of Forestry Interpretive Association//
https://www.inaturalist.org/projects/city-nature-challenge-2019-athens-greece-d0f3fc23-173c-4335-8bd9-5509c7d6a560,Athens,Peristeri,GREECE,"KLEOPATRA ALAMANTARIOTOU 
CEO founder Biomimicry Greece Research and Innovation","RESONANCE FOUNDATION GREECE &#44;
NASA SPACE APPS&#44;
GAIOPHILIA INSTITUTE&#44; 
BIO ART FESTIVAL GREECE//"
https://www.inaturalist.org/projects/city-nature-challenge-2019-atlanta,Atlanta,Georgia,USA,Fernbank Museum of Natural History&#44; eli.dickerson@fernbankmuseum.org,"Trees Atlanta&#44;
Amphibian Foundation&#44;
Atlanta Audubon Society&#44;
West Atlanta Watershed Alliance&#44;
CCWA/Newman Wetlands Ctr&#44;
Reynold's Nature Preserve&#44;
Clayton County Parks&#44;
Blue Heron Nature Preserve&#44;
ATL Nature&#44;
Southern Conservation Trust&#44;
Chattahoochee Nature Center&#44;
Sylvatica Studio&#44;
Frazer Center&#44;
Olmsted Linear Park Alliance&#44;
Atlanta Science Festival&#44;
City of Chattahoochee Hills&#44;
City of Sandy Springs Recreation and Parks//"
https://www.inaturalist.org/projects/city-nature-challenge-2019-austin,Austin,Texas,United States,Texas Master Naturalists,Texas Parks and Wildlife//
https://www.inaturalist.org/projects/city-nature-challenge-2019-baltimore,Baltimore,Maryland,USA,National Aquarium,Backyard Basecamp&#44; Baltimore Bird Club&#44; Baltimore City Public Schools&#44; Baltimore City Recreation and Parks&#44; Bear Branch Nature Center&#44; Blue Water Baltimore&#44; Carrie Murray Nature Center&#44; Charm City Meadworks&#44; Chesapeake Bay Foundation&#44; Community Ecology Institute&#44; Corazon Latino&#44; Deep Creek Lake MCC&#44; Defenders of Wildlife&#44; Friends of Garrett Park&#44; Greater Baltimore Wilderness Coalition&#44; Gunpowder Falls State Park&#44; Harford Glen Environmental Education Center&#44; Howard County Conservancy&#44; Howard County Recreation and Parks&#44; Jemicy School&#44; Jug Bay Wetlands Sanctuary&#44; Lights Out Baltimore&#44; Maryland Master Naturalist Program&#44; Maryland Native Plant Society&#44; Natural History Society of Maryland&#44; Parks & People Foundation&#44; Patapsco Valley State Park&#44; Patterson Park Audubon Center&#44; Smithsonian Environmental Research Center&#44; Susquehanna MCC&#44; The Maryland Zoo&#44; National Park Service&#44; The Nature Conservancy MD/DC Chapter&#44; Towson University&#44; Trout Unlimited&#44; University of Baltimore&#44; University of Maryland Baltimore County&#44; U.S. Fish and Wildlife Service&#44; USDA Forest Service Baltimore Field Station&#44; and Waterfront Partnership of Baltimore.//
https://www.inaturalist.org/projects/city-nature-challenge-2019-maine,Bangor&#44; Lewiston/Auburn&#44; Portland Areas,Maine,USA,Gulf of Maine Maine Education Association (GOMMEA); Gulf of Maine Research Institute (GMRI); Maine Discovery Museum (MDM); Portland Public Library; Bangor Land Trust; Girl Scouts of Maine; Maine Science Festival (MSF),Wells National Estuarine Research Reserve//
https://sites.google.com/insbrugulat.cat/biomarato2019/inici,Banyoles,Catalonia,Banyoles,INS Josep Brugulat,"Ajuntament de Banyoles
Museu Darder
Limnos//"
https://natusfera.gbif.es/projects/biomarato-barcelona-cnc-2019,Barcelona,Barcelona,Spain,Institut de Ciències del Mar (ICM-CSIC)&#44; Centre de Recerca Ecològica i Aplicacions Forestals (CREAF),Anèl·lides Serveis Ambientals Marins&#44; Grup Naturalista del VIRSA&#44; Aula Ambiental Bosc Turull&#44;  Ajuntament de Barberà del Vallès&#44; Grup d’Aficionats a la Fotografia de Natura (GAFN)&#44; Bineo Consulting&#44; Ajuntament de Barcelona&#44; Ajuntament del Prat&#44; Associació Naturalista Torrellenca “La Formiga” (ANT)&#44; Ajuntament de Badalona&#44; Ateneu Assembleari Begues&#44; Centre d’Estudis Beguetans (CEB)&#44; Consorci per a la Protecció i la Gestió dels Espais Naturals del Delta del Llobregat&#44; I Can Walk&#44; Parc Natural de la Serra de Collserola&#44; Jardí Botànic de Barcelona (MCNB)&#44; Associació d’Amics del Jardí Botànic (AAJBB)&#44; Centre Excursionista de Catalunya (CEC)&#44; Plataforma Salvem l’Olla del Rei&#44; Ajuntament de Castelldefels&#44; Àrea Metropolitana de Barcelona&#44; Grup de Natura Corbera de Llobregat&#44; Ajuntament de Corbera de Llobregat&#44; Ajuntament de Santa Coloma de Gramenet&#44; Ajuntament de Sant Adrià de Besòs&#44; Associació El Mussol per a la protecció del paisatge&#44; Amics de les Roses&#44; Ajuntament de Sant Feliu de Llobregat&#44; Zoo de Barcelona&#44;  Ajuntament de Pallejà&#44; Ajuntament de Ripollet&#44; Col·legi de Biòlegs de Catalunya&#44; Diputació de Barcelona&#44; Fundació Navegació Oceànica Barcelona (FNOB)&#44; Grup de recerca Freshwater Ecology and Management (FEM-UB)&#44; Institució Catalana d’Història Natural (ICHN-IEC)&#44; Saita Diving&#44; Turó Solidari Cerdanyola del Vallès&#44; Facultat de Biociències (UAB)&#44; Facultat de Biologia (UB)&#44; Fundació Ciència en Societat//
https://www.inaturalist.org/projects/city-nature-challenge-2019-belem,Belém,,Brazil,,//
https://www.inaturalist.org/projects/city-nature-challenge-2019-belo-horizonte,Belo Horizonte,,Brazil,,//
https://www.museumfuernaturkunde.berlin/de/mitmachen/buergerwissenschaften/city-nature-challenge-2019-berlin,Berlin,Berlin,Germany,"Museum für Naturkunde
Leibniz Institute for Evolution and Biodiversity Science","Agrarbörse Deutschland Ost e.V.&#44;

Berliner Artenschutz Team BAT e.V.&#44;

Botanischer Volkspark Blankenfelde-Pankow&#44;

Forschungsfall Nachtigall&#44;

Freilandlabor Britz e.V.&#44;

Freilandlabor Kaniswall&#44;

Freilandlabor Marzahn&#44;

Haus Natur und Umwelt&#44;

Leibniz-Institut für Zoo- und Wildtierforschung (IZW)&#44;

NABU Berlin- Fachgruppe Batcity Berlin&#44;

Naturtreffpunkt&#44;

Ökowerk Berlin e.V.&#44;

Umweltbildungszentrum Kienberg Grün Berlin GmbH//"
https://www.inaturalist.org/projects/city-nature-challenge-2019-birmingham-metro-area,Birmingham,Alabama,USA,Alabama Museum of Natural History,Birmingham Audubon&#44; Birmingham Botanical Gardens&#44; Cahaba Riverkeeper&#44; Nature Conservancy Alabama&#44; University of Alabama Arboretum//
https://www.inaturalist.org/projects/city-nature-challenge-2019-blacksburg-va,Blacksburg,Virginia,USA,,//
https://colombia.inaturalist.org/projects/reto-naturalista-urbano-2019-bogota-d-c,Bogotá,,Colombia,Instituto de Investigación de Recursos Biológicos Alexander von Humboldt,Mateo Hernández&#44; Secretaría Distrital de Ambiente de Bogotá&#44; Fundación Dodo&#44; Gimnasio Femenino&#44; Fundación Cerros&#44; Grupo Ecomunitario&#44; SiB Colombia&#44; Red de Colegios de los Cerros de Bogotá&#44; Museo de Ciencias - Universidad del Bosque&#44; Fundación Humedales de Bogotá&#44; Maestría en Uso&#44; manejo y conservación del bosque - Universidad Distrital&#44; Colegio Gran Bretaña&#44; Jardín Botánico de Bogotá&#44; Fundación Karisma&#44; Instituto Distrital de Protección y Bienestar Animal&#44; SiB Colombia&#44; Pontificia Universidad Javeriana//
https://www.inaturalist.org/projects/city-nature-challenge-2019-boston-area,Boston Area,Massachusetts,USA,Encyclopedia of Life Learning + Education Group&#44; Brandeis University Environmental Studies Department&#44; Zoo New England&#44;  Earthwatch Institute&#44; New England Ocean Science Education Collaborative&#44; Mass Audubon&#44; Suffolk University&#44; University of Massachusetts Boston,"Boston Greenovate&#44;
Boston Harbor Cruises&#44;
Boston Harbor Islands National & State Park&#44;
Bridgewater State University&#44;
Cambridge Wildlife Puppetry Project&#44;
Charles River Watershed Association&#44;
City of Malden&#44;
City of Medford&#44;
City of Somerville&#44;
Earthwise Aware&#44;
Emerald Necklace Conservancy&#44;
Fresh Pond Reservation&#44;
Friends of the Malden River&#44;
Harvard Forest&#44;
Mass Audubon’s Boston Nature Center&#44;
MA Office of Coastal Zone Management&#44;
Medford High School&#44;
Mount Auburn Cemetery&#44;
Mystic River Watershed Association&#44;
National Park Service&#44;
New England Aquarium - Live Blue Service Corps and Community Programs&#44;
Ocean Bay Girl Scouts&#44;
Pare Corporation&#44;
Quincy Park Dept. Environmental Treasures Program&#44;
Rose Kennedy Greenway&#44;
Salem Maritime and Saugus Iron Works&#44; National Historic Sites&#44;
Salem Sound Coastwatch&#44;
Stonehill College&#44;
The Arnold Arboretum of Harvard University&#44;
The Trustees of Reservations&#44;
US EPA New England Regional Laboratory&#44;
US Fish & Wildlife Service/Assabet River&#44; National Wildlife Refuge&#44;
Walden Woods Project&#44;
Wellesley College&#44;
Wright Farm//"
https://www.inaturalist.org/projects/city-nature-challenge-2019-boulder-denver-metro-area,Boulder-Denver Metro Area,Colorado,USA,Colorado Parks and Wildlife&#44; Metro Denver Nature Alliance&#44; The Nature Conservancy&#44; WILD Foundation,//
,Brasília,Distrito Federal,Brazil,"Onildo J Marini-Filho
Barbara Moraes Thompson
Douglas U Oliveira
Carlos A S Correia",Centro Nacional de Avaliação da Biodiversidade e de Pesquisa e Conservação do Cerrado/Instituto Chico Mendes de Conservação da Biodiversidade - CBC/ICMBio; Jardim Botânico de Brasília - JBB//
https://www.inaturalist.org/projects/city-nature-challenge-2019-bristol-bath,Bristol & Bath City Region,--,United Kingdom,The Natural History Consortium,Avon Wildlife Trust&#44; Bath and Northeast Somerset Council&#44; BBC Natural History Unit&#44; Bristol City Council&#44; Bristol Zoo Gardens&#44; Defra&#44; Forestry Commission&#44; National Trust&#44; Natural England&#44; University of Bath&#44; University of Bristol&#44; University of the West of England&#44; Wildfowl and Wetlands Trust&#44; Woodland Trust//
,Buenos Aires,Ciudad Autónoma de Buenos Aires,Argentina,Museo Argentino de Ciencias Naturales &#34;Bernardino Rivadavia&#34;,//
https://www.inaturalist.org/projects/city-nature-challenge-2019-calgary-alberta,Calgary,Alberta,Canada,Matt Wallace,Nature Calgary&#44;  Friends of Fish Creek Provincial Park&#44; Weaselhead/Glenmore Park Preservation Society&#44; Miistakis Research Institute&#44; University of Calgary Geography Department&#44; Palliser Club&#44; Green Calgary&#44; Friends of Reader Rock Garden&#44; RiverWatch&#44; Sidewalk Citizen Bakery&#44; Friends of Nose Creek&#44; Calgary River Valleys/ Friends of Confederation Park&#44; Friends of Reader Rock Garden&#44; The Wild Bird Store//
https://www.inaturalist.org/projects/city-nature-challenge-2019-campo-grande,Campo Grande,,Brazil,,//
https://www.naturalista.mx/projects/city-nature-challenge-2019-cancun-mexico,Cancún,,Mexico,,//
https://www.inaturalist.org/projects/city-nature-challenge-2019-cape-town,Cape Town,Western Cape,South Africa,"South African National Biodiversity Institute&#44;
City of Cape Town Biodiversity Branch -  Environmental Management Department",Custodians of Rare and Endangered WIldflowers (CREW)&#44; Wildlife and Environmental Society of South Africa (WESSA) Friends Groups&#44;  Botanical Society of South Africa - Kirstenbosch Branch&#44; Table Mountain National Park Honorary Rangers&#44; Scouts South Africa&#44; Girl Guides&#44; SURG//
https://natusfera.gbif.es/projects/cluster-italia-catania-cnc-2019,Catania,Italy,Italy,Ente Fauna Marina Mediterranea,"Natusfera
WWF Italia
AIGAE Associazione Italiana Guide Ambientali Escursionistiche
Polyxena
CNGEI - Associazione Scout Laica
Associazione Antropia - CEA Cisternino
EBN Italia
Etna & Sea Excursion
For PLAY s.r.l
ENVI.INFO
Dolce Vita Magazine
CSA - Centro Studi Acitrezza
Italia Che Cambia
Radio3 Rai
Sapereambiente
Fondazione CON IL SUD
CESAB//"
https://www.inaturalist.org/projects/city-nature-challenge-2019-charlotte-metro,Charlotte,North Carolina,USA,Alex Beck&#44; Cabarrus County Active Living and Parks; Mandy Smith-Thompson&#44; City of Concord; Angel Hjarding&#44; NCWF.,Cabarrus County Government&#44; Cabarrus County Schools&#44; Cabarrus County Active Living and Parks&#44; Cabarrus County Soil and Water&#44; Stanley County Schools&#44; Mecklenburg County Parks and Rec&#44; City of Concord&#44; City of Salisbury&#44; Town of Lowell&#44; Town of Mount Holly&#44; Gaston County Parks and Recreation&#44; Union County Parks and Recreation&#44; Union County Soil and Water&#44; Iredell County Parks and Rec&#44; Rowan County Parks and Rec&#44; Rowan County Soil and Water&#44; Cabarrus Brewing Company//
https://www.inaturalist.org/projects/city-nature-challenge-2019-charlottesville-va,Charlottesville,Virginia,USA,The Nature Conservancy Virginia,"Monticello
Lewis and Clark Exploratory Center
Rivanna Conservation Alliance
Three Notch'd Brewing//"
https://www.inaturalist.org/projects/city-nature-challenge-2019-chiayi,Chiayi,--,Taiwan,Department of Biological Resources&#44; National Chiayi University,Center of Biodiversity&#44; National Chiayi University; National Chiayi University; Yushan National Park Headquarters//
https://www.inaturalist.org/projects/city-nature-challenge-2019-chicago-wilderness-region,Chicago Wilderness,Illinois,USA,Katie Miller&#44; Oliver Burrus,Northeastern Illinois University&#44; Department of Geography and Environmental Studies; Whimbrel Birders Club; Friends of the Forest Preserves//
https://www.naturalista.mx/projects/reto-naturalista-urbano-2019-chihuahua-mexico,Chihuahua,Chihuahua,Mexico,Carlos Aaron González Márquez,Naturalista MX&#44; CONABIO//
https://inaturalist.nz/projects/city-nature-challenge-2019-christchurch,Christchurch,Canterbury,New Zealand,Christchurch City Council&#44; iNaturalist.nz&#44; New Zealand Bio-Recording Network Trust,//
https://www.naturalista.mx/projects/reto-naturalista-urbano-2019-ciudad-de-mexico-cdmx,Ciudad de México,México,México,Elizabeth Torres B. de la Comisión Nacional para el Conocimiento y Uso de la Biodiversidad (CONABIO)&#44; .,Fundación Carlos Slim&#44; Gobierno de la Ciudad de México a través de la Secretaría de Medio Ambiente (SEDEMA)//
https://www.inaturalist.org/search?q=city%20nature%20challenge%202019%20cleveland,Cleveland-Akron-Canton,Ohio,United States,"Cleveland Museum of Natural History
Stark Parks",//
http://ColoradoSprings.gov/CNC19-COS,Colorado Springs,Colorado,USA,Colorado Springs Parks&#44; Recreation and Cultural Services,//
https://www.inaturalist.org/projects/desafio-naturalista-urbano-biobio-2019-chile,Concepción,Concepción,Chile,Universidad de Concepción,Laboratorio de Estudios Algales - AlgaLAB//
https://www.inaturalist.org/projects/city-nature-challenge-2019-conde,Conde,,Brazil,,//
,Corpus Christi,Texas,usa,Caleb Harris,Coastal Bend Children in Nature//
https://www.inaturalist.org/projects/city-nature-challenge-2019-cuiaba,Cuiabá,,Brazil,,//
https://www.inaturalist.org/projects/city-nature-challenge-2019-curitiba,Curitiba,,Brazil,,//
https://tpwd.texas.gov/huntwild/wild/wildlife_diversity/texas_nature_trackers/naturechallenge/,Dallas / Fort Worth,Texas,USA,Texas Parks and Wildlife&#44; City of Coppell,Texas Master Naturalists&#44; City of Dallas&#44; City of Fort Worth&#44; Heard Museum&#44; City of Arlington&#44; City of Mansfield&#44; Audubon&#44; City of Grapevine&#44; Coppell&#44; UNT&#44; Tarleton State University&#44; TCU&#44; Texas Womens University//
https://www.inaturalist.org/projects/city-nature-challenge-2019-twin-ports,Duluth,Minnesota,USA,University of Minnesota Sea Grant Program,Fond du Lac Band of Lake Superior Chippewa Resource Management Division&#44; Fond du Lac Tribal and Community College&#44; Lake Superior Regional Citizen Science Collaborative&#44; Lake Superior Research Institute&#44; Lake Superior Zoo&#44; Minnesota Master Naturalists&#44; Oldenburg Arts and Cultural Community//
https://www.inaturalist.org/projects/city-nature-challenge-2019-el-paso,El Paso,Texas,USA,Texas Parks & Wildlife,El Paso Audubon&#44; Frontera Land Alliance&#44; Franklin Mountains Wilderness Coalition&#44; Texas Master Naturalists//
https://www.naturalista.mx/projects/reto-naturalista-urbano-2019-ensenada-baja-california-mexico,Ensenada,Baja California,Mexico,Fauna del Noroeste&#44; El Nido&#44; Pro Esteros,Club de Herpetología UABC&#44; Cet Mar 11&#44; Inpacvi&#44; Laboratorio de Manejo y Conservación de Vida Silvestre&#44; Club los Correcaminos&#44; Contacto Salvaje&#44; Club de Manejo y Conservación de Fauna Silvestre UABC&#44; Tipai's Adolescent Program&#44; CICESE&#44; GEAR&#44; Caracol Museo de Ciencias//
https://www.inaturalist.org/projects/city-nature-challenge-2019-eugene-springfield,Eugene-Springfield,Oregon,USA,The Nature Conservancy in Oregon,"The Nature Conservancy in Oregon&#44;
Bureau of Land Management&#44;
Willamette Resource Education Network&#44;
Willamalane Park and Recreation District&#44;
Nearby Nature&#44;
Mount Pisgah Arboretum&#44;
Willamette Riverkeeper//"
https://www.inaturalist.org/projects/city-nature-challenge-2019-florianopolis,Florianópolis,,Brazil,,//
https://www.inaturalist.org/projects/city-nature-challenge-2019-fortaleza,Fortaleza,,Brazil,,//
https://www.inaturalist.org/projects/city-nature-challenge-2019-northern-colorado,Fort Collins,Colorado,USA,Fort Collins Natural Areas,"Larimer County Open Space
Bird Conservancy of the Rockies
Gardens on Spring Creek
Audubon Rockies
Poudre School District
Colorado State University
Environmental Learning Center//"
https://www.inaturalist.org/projects/city-nature-challenge-2019-penang-island,Georgetown,Penang,Malaysia,The Habitat Foundation&#44; The Habitat Penang Hill,Penang Hill Corporation&#44; Friends of Penang Botanical Gardens Society&#44; Malaysian Primatological Society&#44; Malaysian Nature Society Penang&#44; Penang Forestry Department&#44; Penang Education Department Northeast District&#44; Penang Education Department Southwest District&#44; Night Spotting Project&#44; Nature Classroom&#44; Nature Walks Penang Hill&#44; School of Biological Sciences Universiti Sains Malaysia//
https://www.inaturalist.org/projects/city-nature-challenge-2019-glasgow,Glasgow,,Scotland,,//
https://www.inaturalist.org/projects/city-nature-challenge-2019-goiania,Goiânia,,Brazil,,//
https://www.inaturalist.org/projects/city-nature-challenge-2019-greater-manchester,Greater Manchester,,United Kingdom,Manchester Museum&#44; Greater Manchester Ecology Unit&#44; RSPB&#44; Wildlife Trust for Lancashire&#44; Manchester and North Merseyside&#44; City of Trees,Manchester City Council&#44; Salford City Council&#44; Woodland Trust&#44; Friends of Alexandra Park&#44; Friends of Chorlton Meadows&#44; Friends of Lightoaks Park&#44; Friends of Fletcher Moss&#44; Friends of Blackley Forest&#44; and thanks to all the community groups getting involved//
https://www.inaturalist.org/projects/city-nature-challenge-2019-greater-philadelphia-area,Greater Philadelphia Area,Pennsylvania,USA,Philly CNC Organizing Committee,Philadelphia Parks and Recreation&#44; John Heinz National Wildlife Refuge&#44; Philadelphia Science Festival&#44; Philadelphia Office of Sustainability&#44; Free Library of Philadelphia&#44; Tookany/Tacony-Frankford Watershed Partnership&#44; Pennsylvania Amphibian & Reptile Survey&#44; Delaware Valley Ornithological Club&#44; Briar Bush Nature Center&#44; Interpret Green&#44; BioPhilly&#44; Villanova University&#44; Thomas Jefferson University&#44; Bartram’s Garden&#44; Clean Air Council&#44; Natural Lands&#44; New Jersey Conservation Foundation&#44; Philly ICO&#44; Sierra Club – Southeastern Pennsylvania Group&#44; Awbury Arboretum&#44; Friends of the Wissahickon//
https://inaturalist.ca/projects/city-nature-challenge-2019-halifax-regional-municipality,Halifax,Nova Scotia,Canada,COINAtlantic,iNaturalist.ca//
https://www.naturalista.mx/projects/reto-naturalista-urbano-2019-hermosillo-sonora,Hermosillo,Hermosillo,México,"Rafael A. Lara Resendiz&#44; 
Sergio Muller&#44;
Sofia Vargas&#44;
Isaí Valle Jiménez&#44;
Yaredh Ramírez Enríquez&#44; 
Lourdes Canizales&#44;
Iván Souffle","Colectivo Caminantes del Desierto&#44;
Desierto Vivo&#44; 
Club de Herpetología-UNISON//"
https://www.inaturalist.org/projects/hoboken-city-nature-challenge-2019,Hoboken,NJ,US,Resilience Adventures,"Fund for A Better Waterfront&#44;
Hoboken Cove Boathouse&#44;
The Climate Mobilization&#44;
The City of Hoboken&#44;
Stevens Institute of Technology&#44;
Elysian Charter School//"
https://www.inaturalist.org/projects/city-nature-challenge-2019-hong-kong,Hong Kong SAR,--,China,Hong Kong CNC Consortium,"A Team Edventures&#44;
Animals Asia&#44;
Ark Eden&#44;
Arup HK&#44;
Buddhist Wong Fung Ling College&#44;
Bloom Association&#44;
Canadian International School&#44;
Caritas Chan Chun Ha Field Studies Centre&#44;
Cheung Chuk Shan College&#44;
Citizen Science Asia&#44;
Conservation International HK&#44;
Creative Secondary School&#44;
Delia School of Canada&#44;
Discovery Bay International School&#44;
Encompass HK&#44;
HK MOTHers&#44;
HKFEW Wong Cho Bao Secondary School&#44;
HKU&#44; School of Biological Sciences&#44;
Hong Kong Bird Watching Society&#44;
Hong Kong Explorers Initiative&#44;	
Hong Kong Golf Club&#44;
Hong Kong Hiking Meetup&#44;
Hong Kong Institute of Vocational Education&#44;
Hong Kong International School&#44;
Hong Kong Science Museum&#44;
International College Hong Kong&#44;
International Schools Foundation Academy&#44;
International Society of Arboriculture (ISA)&#44; Hong Kong Chapter&#44;
Island School ESF&#44;
Kellett School&#44;
Korean International School&#44;
Living Lamma&#44;
Lung Fu Shan Environmental Education Centre&#44;
Nord Anglia International School&#44;
Ocean Park&#44;
Outward Bound Hong Kong&#44;
Outdoor Wildlife Learning HK&#44;
Plastic Free Seas&#44;
Royal Geographical Society HK&#44;
Shau Kei Wan East Government Secondary School&#44;
Sing Yin Secondary School&#44;
Singapore International School&#44;
SKH Kei Hau Secondary School&#44;
SKH Tang Shiu Kin Secondary School&#44;
St. Paul’s Co-Educational College&#44;
St. Stephen’s Girls’ College&#44;
Stewards Pooi Kei College&#44;
South Island School ESF&#44;
The Chinese Foundation Secondary School&#44;
The Conservancy Association&#44;
The Harbour School&#44;
The Nature Conservancy HK&#44;
wildcreatureshongkong.org&#44;
WWF HK//"
https://www.inaturalist.org/projects/city-nature-challenge-2019-houston,Houston,Texas,USA,Texas Parks & Wildlife,Houston Audubon&#44; The Nature Conservancy&#44; Texas Master Naturalist&#44; The James B Harrison Foundation&#44; Kickerillo-Mischer Preserve&#44; Texas A&M Forest Service&#44; Longfellow Elementary&#44; Houston-Native Prairies Association of Texas&#44; Houston Arboretum & Nature Center&#44; Katy Prairie Conservancy&#44; Memorial Park Conservancy&#44; Resource Environmental Solutions//
https://indianasciences.org/events/cnc/cnc-2019/,Indianapolis,Indiana,USA,Indiana Sciences,Keep Indianapolis Beautiful&#44; Sustain Indy&#44; Indy Parks and Recreation&#44; Reconnecting to our Waterways&#44; Indiana Wildlife Federation&#44; Kheprw Institute&#44; March for Science Indianapolis//
https://www.inaturalist.org/projects/city-nature-challenge-2019-joao-pessoa,João Pessoa,,Brazil,,//
https://www.inaturalist.org/projects/city-nature-challenge-2019-karlovac,Karlovac,,Croatia,Udruga Znanstvenici amateri (NGO Amateur Scientist),//
https://www.inaturalist.org/projects/city-nature-challenge-2019-maui,Kihei,Hawaii,USA,Maui Nui Natural History,Kealia Pond National Wildlife Refuge//
https://www.inaturalist.org/projects/city-nature-challenge-2019-klang-valley,Klang Valley,Selangor/Kuala Lumpur/Putrajaya,Malaysia,University of Malaya&#44; The Rimba Project&#44; Water Warriors UM&#44; Rimba Ilmu Botanic Garden,Association of Science Technology and Innovation (ASTI)&#44; Applied Agricultural Resources (AAR)&#44; Malaysian Cave and Karst Conservancy (MCKC)&#44; Taman Tugu Project (TT)&#44; Free Tree Society (FTS)&#44; International University of Malaya-Wales (IUMW)//
https://www.inaturalist.org/projects/city-nature-challenge-2019-southwest-louisiana,Lake Charles,Louisiana,United States,Southwest Louisiana Master Naturalists,//
https://www.inaturalist.org/projects/city-nature-challenge-2019-greater-lansing-region,Lansing,Michigan,USA,Fenner Nature Center,//
https://www.inaturalist.org/projects/reto-ciudad-naturaleza-la-paz-2019-cnc,La Paz,La Paz,Bolivia,Wildlife Conservation Society&#44; Carrera de Biología -Universidad Mayor de San Andrés&#44; Instituto de Ecología&#44; Museo Nacional de Historia Natural,National Geographic//
http://www.cncargentina.com.ar,La Plata,Buenos Aires,Argentina,"Joaquín Cochero - CONICET - UNLP
Cristina Damborenea - FCNyM - UNLP
Renato García - UNDAV","SNDB
GBif Argentina
AppEAR
Caza Mosquitos
GeoVin//"
https://natusfera.gbif.es/projects/cluster-italia-lecce-cnc-2019,Lecce,Italy,Italia,WWF Salento,"WWF Salento&#44; Università del Salento&#44; Comune di Lecce&#44; WWF Young Italy&#44;
Natusfera
WWF Italia
AIGAE Associazione Italiana Guide Ambientali Escursionistiche
Polyxena
CNGEI - Associazione Scout Laica
Associazione Antropia - CEA Cisternino
EBN Italia
For PLAY s.r.l
ENVI.INFO
Dolce Vita Magazine
Italia Che Cambia
Radio3 Rai
Sapereambiente
Fondazione CON IL SUD
CESAB//"
https://www.naturespot.org.uk/citynaturechallenge,Leicester,,United Kingdom,"Leicester City Council
NatureSpot 
Leicestershire and Rutland Wildlife Trust","The University of Leicester 
The Conservation Volunteers 
Knighton Wild
Leicestershire and Rutland Ornithological Society 
The Heritage Initiative//"
https://www.inaturalist.org/projects/city-nature-challenge-2019-lima-peru,Lima,--,Perú,Ciencia Ciudadana Perú,"Conciencia Marina
RAANA
AUPFAS
CIBOSEC
Flora y Fauna Perú
CORBIDI
GEECO//"
https://www.inaturalist.org/projects/city-nature-challenge-2019-liverpool-city-region,Liverpool City Region,--,United Kingdom,Cheshire rECOrd&#44;Merseyside BioBank&#44;Lancashire Wildlife Trust,Croxteth Park Volunteer Group&#44;Knowsley Ranger Service&#44;Knowsley Safari Park&#44;Liverpool Parks&#44;Nature Connected&#44;Port Sunlight River Park (Autism Together and Land Trust)&#44;RSPB&#44;St Helens Ranger Service&#44;Wirral Environmental Network&#44;Wirral Wildlife//
https://www.inaturalist.org/projects/city-nature-challenge-2019-logan-ut,Logan,Utah,USA,Harold Ikerd,USDA-ARS Bee Lab&#44; The Center for Creativity Innovation & Discovery//
http://www.nhm.ac.uk/take-part/citizen-science/bioblitz/city-nature-challenge-2019-london.html,London,Greater London,United Kingdom,Natural History Museum&#44; The Royal Parks&#44; Field Studies Council&#44; University College London&#44; London Environmental Educators Forum,//
https://www.inaturalist.org/projects/city-nature-challenge-2019-los-angeles,Los Angeles County,California,USA,Natural History Museum of Los Angeles County,"Amigos de Los Rios&#44;
Aquarium of the Pacific&#44;
Arroyos & Foothills Conservancy&#44;
Audubon Center at Debs Park&#44;
Autry Museum of the American West&#44;
Cabrillo Marine Aquarium&#44;
California Institute of Technology&#44;
California Science Center&#44;
Community Nature Connection&#44;
Descanso Gardens&#44;
FoLAR&#44;
Grown in LA&#44;
Heal the Bay&#44;
Kidspace Museum&#44;
LA Sanitation & Environment/City of Los Angeles&#44;
Long Beach City College&#44; 
Los Angeles Audubon Society&#44;
Los Angeles County Chief Sustainability Office&#44;
Los Angeles County Department of Parks and Recreation&#44;
Los Angeles Zoo & Botanical Gardens&#44;
National Park Service&#44;
Resource Conservation District of the Santa Monica Mountains&#44;
Santa Monica College&#44;
Theodore Payne Foundation&#44;
UCLA Botanical Garden&#44;
Whittier Narrows Nature Center//"
https://www.inaturalist.org/projects/city-nature-challenge-2019-lower-rio-grande-valley,Lower Rio Grande Valley,Texas,USA,Texas Parks & Wildlife,Texas Master Naturalist//
https://www.inaturalist.org/projects/city-nature-challenge-2019-luxembourg,Luxembourg,--,Luxembourg,Musée national d'histoire naturelle Luxembourg (National Museum of Natural History),//
https://www.inaturalist.org/projects/city-nature-challenge-2019-macau,Macau SAR,--,China,Macau CNC Consortium,"University of Macau
Macau Green Student Union//"
https://natusfera.gbif.es/projects/biomaraton-madrid-cnc-2019,Madrid,Madrid,España,GBIF Spain&#44; Real Jardín Botánico (RJB-CSIC)&#44; Asociación Naturalista Primilla (ANAPRI),CIEA Huerto del Retiro&#44; Colegio Areteia&#44; CIEA Dehesa de la Villa&#44; CEA Arboreto Luis Ceballos&#44; MediaLab Prado&#44; CIEA Casa de Campo&#44; CEA Polvoranca&#44; CEA Caserío de Henares&#44; CEA Campillo&#44; CEA Bosquesur&#44; Colegio Nazaret Oporto&#44; Ayuntamiento de Colmenar Viejo//
https://www.inaturalist.org/projects/city-nature-challenge-2019-manaus,Manaus,,Brazil,,//
https://www.inaturalist.org/projects/city-nature-challenge-2019-manhattan-ks,Manhattan,Kansas,USA,Ryan Donnelly,"Kansas State University's Wildlife Society&#44;
The Nature Conservancy in Kansas//"
https://www.inaturalist.org/projects/city-nature-challenge-2019-mazatlan-sinaloa-mexico,Mazatlán,Sinaloa,México,Paco´s Reserva de Flora y Fauna&#44; Escuela Normal Experimental de El Fuerte extensión Mazatlán ENEF&#44; Facultad de Ciencias Marinas UAS&#44; Mazatlán Consciente&#44; Centro de Investigación en Alimentación y Desarrollo A.C. CIAD&#44; Alas y Raíces de México&#44; H. Ayuntamiento de Mazatlán&#44; Secretaria de desarrollo económico y turismo de Mazatlán&#44; Secretaria de Turismo Sinaloa,ECOS&#44; Ecosistemas Costeros Sustentables&#44; Comisión Nacional de Áreas Naturales Protegidas CONANP&#44; Vista Tours&#44; Patronato Parque Natural Faro Mazatlán&#44; Onca Explorations&#44; ¿Cómo ves? Difusión de la ciencia&#44; Sociedad de Malacología de México&#44; Unidad Académica Mazatlán  Universidad Nacional Autónoma de México&#44; El Cid Resorts&#44; Pueblo Bonito. Golf & Spa Resorts&#44; Reserva Natural Jinetes de los Machado//
https://www.botanicomedellin.org/servicios/ciencia-y-biodiversidad/reto-naturalista-2019/,Medellín,Antioquia,Colombia,Medellín Botanical Garden&#44; Mesa de Biodiversidad de Medellín,Instituto Alexander von Humboldt&#44; Secretaria de Ambiente de Medellín&#44; Parque Zoológico Santa Fe&#44; Metro de Medellín&#44; Parque Explora&#44; Museo de Ciencias Naturales de La Salle – ITM&#44; Corporación Parque Arvi&#44; Universidad Ces&#44; Universidad Eafit&#44; Programa de Biología&#44; Universidad de Antioquia&#44; Universidad Nacional sede Medellín&#44; Universidad EIA&#44; Comfenalco Antioquia&#44; LaSavia-Jardinería & Botanica&#44; Pacto por los Bosques de Antioquia&#44; Programa de Bosques Andinos&#44; Parques Nacionales de Colombia&#44; Área Metropolitana del Valle de Aburrá&#44; Instituto de Ciencias Naturales&#44; Universidad Nacional de Colombia&#44; Tecnológico de Antioquia&#44; Corantioquia//
https://www.inaturalist.org/projects/city-nature-challenge-2019-miami,Miami,Florida,USA,Phillip and Patricia Frost
Museum of Science&#44; Florida International University&#44; Mountain to Sea Education,Citizens for a Better South Florida&#44; Biscayne Nature Center&#44; Be the Sealution&#44; The Climate Crusader&#44; Dream in Green&#44; Fairchild Connect To Protect Network&#44; FIU International Center for Tropical Botany&#44; Miami ECOTours/MDC Parks&#44; Miami-Dade Environmentally Endangered Lands&#44; The Nature Conservancy Wagner Creek project&#44; University of Miami’s Rescue A Reef&#44; Tropical Audubon Society&#44; Virginia Key Outdoor Center&#44; Vizcaya Museum and Gardens//
https://www.inaturalist.org/projects/city-nature-challenge-2019-minneapolis-st-paul,Minneapolis/St. Paul,Minnesota,USA,University of Minnesota Extension,Minnesota Valley National Wildlife Refuge&#44; Wargo Nature Center&#44; Como Woodland Outdoor Classroom&#44; NPS/Mississippi National River and Recreation Area&#44; Minneapolis Park & Recreation Board&#44; St Paul Parks & Recreation&#44; Three Rivers Park District/Lowry Nature Center&#44; City of Mahtomedi&#44; Minnesota Zoo&#44; and many more!//
https://www.naturalista.mx/projects/reto-naturalista-urbano-2019-monterrey-zona-metropolitana,Monterrey,Nuevo Leon,Mexico,Naturalista-CONABIO&#44; Abeja y Planta&#44; Mariposas Azules&#44; Líquenes del NorEste&#44; Observadores de Aves del Río La Silla&#44; Parque Ecológico Chipinque&#44; NatuSalud&#44; Comunidad Mexicana de Fotógrafos de la Naturaleza&#44; Municipio de San Pedro Garza García&#44; Secretaría de Desarrollo Sustentable&#44; Parques y Vida Silvestre de NL,Preparatoria 16-UANL&#44; CAmbiental&#44;  Battus&#44; Parque Rufino Tamayo&#44; ECOPSY&#44; Hortux&#44; Huertos Urbanos&#44; Tacos de amor&#44; Cerro Grande Natura and City Tours&#44; Entropía Laboratorio&#44; Preparatoria Pablo Livas Unidad Centro&#44; CECYTE 1 y 2 -García//
https://www.inaturalist.org/projects/city-nature-challenge-2019-nairobi-city,Nairobi,,Kenya,Brian Waswala&#44; Maina Muniafu&#44; Elisabeth Wangeci&#44; Paul Mutuku&#44; Vivian Kinoti&#44; Euriter Muthoni&#44; Damaris Rotich&#44; Nancy Wamalwa,Regional Center of Expertise Greater Nairobi&#44; United States International University - East Africa&#44; National Museums of Kenya&#44; AROCHA&#44; Internet to Elephants&#44; Elimu TV&#44; KASS TV&#44; Kenya Inter-Universities Environmental Societies Association//
https://www.inaturalist.org/projects/biodiversina-city-nature-challenge-2019,Naples,Naples,Italy,Società dei Naturalisti in Napoli&#44; 
Città della Scienza di Napoli,Università degli Studi di Napoli Federico II&#44;Orto  Università degli Studi di Napoli Federico II&#44;Dipartimento di Biologia Università degli Studi di Napoli Federico II&#44;Stazione Zoologica Anton Dohrn&#44; Comune di Napoli//
https://www.inaturalist.org/projects/city-nature-challenge-2019-nashville-tn,Nashville,Tennessee,USA,Cumberland River Compact,Warner Park Nature Center&#44; Bells Bend Outdoor Center//
https://www.inaturalist.org/projects/city-nature-challenge-2019-natal,Natal,,Brazil,,//
https://greatnorthmuseum.org.uk/whats-on/city-nature-challenge,Newcastle upon Tyne,,United Kingdom,Great North Museum&#44; Natural History Society of Northumbria&#44; Environmental Records Information Centre North East,//
https://www.inaturalist.org/projects/city-nature-challenge-2019-greater-new-orleans-area,New Orleans,Louisiana,USA,Jody Shugart,Louisiana Master Naturalists//
https://www.inaturalist.org/projects/city-nature-challenge-2019-the-mariners-museum-and-park,Newport News,Virginia,USA,The Mariners' Museum and Park,//
https://www.inaturalist.org/projects/city-nature-challenge-2019-new-york-city,New York City,New York,USA,Macaulay Honors College&#44; CUNY,The New York Botanical Garden&#44; NYC Parks Department&#44; National Wildlife Federation&#44; WCS Education&#44; Alliance for Flushing Meadows Corona Park&#44; Randall's Island Park Alliance&#44; Greenbelt Conservancy&#44; WSP Eco Projects&#44; Feminist Bird Club&#44; Bronx River Alliance&#44; Jamaica Bay-Rockaway Park Conservancy&#44; Brooklyn Bridge Park Conservancy&#44; Lower East Side Ecology Center//
http://www.omahazoo.com/citynaturechallenge,Omaha,Nebraska,USA,Omaha's Henry Doorly Zoo & Aquarium&#44; Omaha STEM Ecosystem&#44;,American Spring Live&#44; Nature&#44; Nebraska Public Television - NET&#44; City Sprouts&#44; Fontenell Forest&#44; Girl Scouts - Spirit of Nebraska&#44; Heron Haven&#44; Joslyn Castle&#44; Mulhall's Nursey&#44; Nebraska Wildlife Rehab Inc.&#44; Commerce Village&#44; Omaha Public Libraries&#44; Watchable Wildlife&#44; City of Omaha&#44; Omaha Public Power District&#44; Civic NE Sherman&#44; F. B.C Service Corporation&#44;  Papio Missouri River&#44; Omaha Green Coalition//
https://natusfera.gbif.es/projects/cluster-italia-ostuni-cnc-2019,Ostuni,Brindisi,Italy,Parco Naturale Regionale Dune Costiere da Torre Canne a Torre S. Leonardo,"Polyxena a.p.s. &#44; Associazione Antropia- CEA Cisternino&#44; Igers Valle d'Itria&#44; ForPlay s.r.l.&#44; Natusfera&#44; WWF Italia&#44; 
AIGAE - Associazione Italiana Guide Ambientali Escursionistiche&#44; CNGEI - Associazione Scout Laica&#44; EBN Italia&#44; ENVI.INFO&#44; Dolce Vita Magazine&#44; Italia Che Cambia&#44; Radio3 Rai&#44; Sapereambiente&#44; Fondazione CON IL SUD&#44; CESAB//"
https://natusfera.gbif.es/projects/biomaraton-pamplona-iruna-cnc-2019,Pamplona - Iruña,Navarra,Spain,Terrabiota - Ciencia Viva,Universidad Pública de Navarra&#44; Museo de Ciencias  Universidad de Navarra&#44; Sociedad de Ciencias Aranzadi&#44;  Gurelur - Fondo Navarro para la Protección del Medio Natural&#44; Muskari Rastros&#44; IES Zizur Mayor.//
https://www.inaturalist.org/projects/reto-naturalista-urbano-2019-ciudad-de-panama,Panamá,Panamá,Panamá,Sociedad Audubon de Panamá,Biomuseo&#44; Parque Municipal Summit&#44; Parque Natural Metropolitano&#44; Municipio de Panamá&#44; Ministerio de Ambiente//
https://www.inaturalist.org/projects/city-nature-challenge-2019-parintins,Parintins,,Brazil,,//
https://www.inaturalist.org/projects/city-nature-challenge-2019-pittsburgh,Pittsburgh,Pennsylvania,United States,"Carnegie Museum of Natural History&#44;
Allegheny Land Trust",Blue Heron Nature Skills&#44; Jacobs Creek Watershed Association&#44; Upper St. Clair Citizens for Land Stewardship&#44; Pennsylvania Master Naturalists - Allegheny Chapter&#44; Winnie Palmer Nature Reserve//
https://www.inaturalist.org/projects/city-nature-challenge-2019-mustang-island-texas,Port Aransas,Texas,United States,Mission-Aransas National Estuarine Research Reserve at the University of Texas Marine Science Institute&#44; City of Port Aransas Nature Preserve,Mustang Island State Park//
https://cehrd.org.ng,Port Harcourt,River State,Nigeria,"Dr Nenibarini Zabbey
Dr Kabari Sam
Kenneth Odoh
Charity Laku",Centre for Environment&#44; Human Right and Development (CEHRD)//
https://www.inaturalist.org/projects/city-nature-challenge-2019-porto-alegre,Porto Alegre,,Brazil,,//
https://www.inaturalist.org/projects/city-nature-challenge-2019-prague,Prague,,Czech Republic,National Museum,"Prague City Hall;
National Geographic Česko;
Faculty of Science&#44; Charles University
Scientists.cz;
Faculty of Environmental Sciences: Czech University of Life Sciences Prague;
Czech Botanical Society;
Czech Bat Conservation Society;
Nature Conservation Agency of the Czech Republic;
Prague Zoo;
The House of Children and Youth of the Capital City Prague:
Station of scientists;
Biolib: biological library;
Lesy hl. m. Prahy;
Ekocentrum Koniklec;
Středisko ekologické výchovy Toulcův dvůr;
TEREZA&#44; educational centre//"
https://natusfera.gbif.es/projects/desafio-naturaleza-urbana-descubre-quito-biodiverso,Quito,Pichincha,Ecuador,Universidad Tecnológica Indoamérica&#44; Zoológico de Quito&#44; Natura Diversa,Escuela Politécnica Nacional&#44; Instituto Nacional de Biodiversidad&#44; Ministerio del Ambiente&#44; Alcaldía de Quito&#44; Quito Hábitat Silvestre&#44; Natusfera//
https://www.inaturalist.org/projects/city-nature-challenge-2019-triangle-area,Raleigh,North Carolina,USA,Chris Goforth,NCSU&#44; Wake Nature Preserve Partnership//
https://www.inaturalist.org/projects/city-nature-challenge-2019-recife,Recife,,Brazil,,//
https://www.inaturalist.org/projects/city-nature-challenge-2019-richmond-c7882396-06f6-4ef6-96d6-9a58e24139e1,Richmond,Virginia,USA,The Nature Conservancy in Virginia,//
https://www.inaturalist.org/projects/city-nature-challenge-richmond-british-columbia,Richmond,British Columbia,,,//
https://www.inaturalist.org/projects/city-nature-challenge-2019-rio-de-janeiro,Rio de Janeiro,,Brazil,,//
,Rochester,New York,USA,Seneca Park Zoo Society,//
https://www.inaturalist.org/projects/city-nature-challenge-2019-roma,Roma,,Italy,Department of Environmental Biology- Sapienza University of Rome; LIFE PRIMED,//
https://cncsacramento.home.blog/,Sacramento,California,USA,Laci Gerhart-Barley&#44; Ryan Meyer&#44; Sarah Angulo&#44; Chelle Temple-King&#44; Juliana Yee,University of California Davis (Evolution and Ecology Department)&#44; Center for Community and Citizen Science&#44; California Naturalist Program (UCANR)&#44; Powerhouse Science Center&#44; UC Natural Reserve System&#44; Effie Yeaw Nature Center&#44; California Native Grasslands Association//
https://nhmu.utah.edu/programs/city-nature-challenge-wasatch-front,Salt Lake City/The Wasatch,Utah,USA,Natural History Museum of Utah,Salt Lake City Parks & Public Lands&#44; Jordan River Commission&#44; Utah Open Lands&#44; US Fish & Wildlife Service&#44; Ogden Nature Center&#44; Stokes Nature Center&#44; Swaner Preserve and EcoCenter&#44; The Nature Conservancy&#44; Salt Lake County Libraries&#44; Thanksgiving Point Institute//
https://www.inaturalist.org/projects/city-nature-challenge-2019-salvador,Salvador,,Brazil,,//
https://www.inaturalist.org/projects/city-nature-challenge-2019-san-antonio,San Antonio,Texas,USA,Texas Parks & Wildlife,"Texas Master Naturalist&#44; 
Headwaters Sanctuary at Incarnate Word&#44; University of Texas - San Antonio&#44; Bexar Audubon Society&#44; Native Plant Society of Texas - San Antonio&#44; San Antonio Botanical Garden//"
https://www.sdnhm.org/calendar/the-2019-city-nature-challenge,San Diego,California,United States,San Diego Natural History Museum - The Nat,Earth Discovery Institute&#44; Cabrillo National Monument&#44; San Diego National Wildlife Refuge-US Fish & Wildlife Service&#44; San Elijo Lagoon Conservancy&#44; River Partners&#44; The San Diego River Park Foundation&#44; San Diego Tracking Team&#44; San Diego Field Ornithologists&#44; Tijuana River Estuary Research Reserve&#44; University of San Diego&#44; Miramar College&#44;  Southwestern College&#44; San Diego Citizen Science Network&#44; North University Community Library&#44; Hike San Diego&#44; Mission Trails Regional Park&#44; Anstine-Audubon Wildlife Preserve&#44; Anza-Borrego Desert State Park//
https://www.inaturalist.org/projects/city-nature-challenge-2019-san-francisco-bay-area,San Francisco Bay Area,California,USA,California Academy of Sciences - Citizen Science Department,San Mateo County Parks&#44; Sequoia Audubon Society&#44; East Bay Regional Park District&#44; OneTam&#44; Marin Municipal Water District&#44; Palo Alto Open Space&#44; Sonoma County Parks&#44; Wholly H20&#44; Sutro Stewards&#44; Oakland Museum of Natural History&#44; Community for Lake Merritt&#44; California Center for Natural History&#44; Bay Nature&#44; Keep Coyote Creek Beautiful&#44; California Native Plant Society Yerba Buena Chapter&#44; Pepperwood Preserve&#44; Presidio Trust//
,San Luis Rio Colorado,Sonora,Mexico,San Luis Río Colorado&#44;  Sonora
Mexicali&#44; Baja California,Pronatura Noroeste AC//
https://www.inaturalist.org/projects/city-nature-challenge-2019-santarem,Santarem,,Brazil,,//
,Santiago,--,Chile,CAPES-UC&#44; Neguen&#44; Fundación Ciencia Ciudadana,Ministerio del Medioambiente&#44; Ministerio de Ciencia y Teconología&#44; Programa Explora&#44; Iniciativa Científica Milenio&#44; Corporación DEF&#44; Zoológico Nacional&#44; Corporación Nacional Innovación y Desarrollo&#44; ONG FIMA&#44; Red de Observadores de Aves&#44; Centro para el Impacto Socioeconómico de las Políticas Ambientales&#44; Centro de Desarrollo Urbano Sustentable&#44; Insituto de Ecología y Biodiversidad&#44; Laboratorio Flores&#44; Reserva Altos de Cantillan//
https://www.inaturalist.org/projects/city-nature-challenge-2019-sao-paulo,São Paulo,,Brazil,,//
https://www.inaturalist.org/projects/city-nature-challenge-2019-seattle-tacoma-metropolitan-area,Seattle-Tacoma Metropolitan Area,WA,United States of America,Woodland Park Zoo&#44; Point Defiance Zoo & Aquarium,//
https://www.inaturalist.org/projects/city-nature-challenge-2019-spartanburg-county-sc,Spartanburg,South Carolina,USA,Tyger River Foundation,//
https://tinyurl.com/CNCSTL-19,St. Louis Metro Area,Missouri and Illinois,USA,BiodiverseCity St. Louis
City of St. Louis,Missouri Botanical Garden
Saint Louis Zoo
Academy of Science St. Louis
Missouri Department of Conservation
Heartlands Conservancy//
https://www.inaturalist.org/projects/city-nature-challenge-2019-leon-county-florida,Tallahassee,Florida,USA,Florida Fish and Wildlife Conservation Commission,WFSU&#44; Coastal Plains Institute&#44; Fish and Wildlife Foundation of Florida&#44; University of Florida IFAS Extension&#44; City of Tallahassee&#44; Challenger Learning Center&#44; Leon County Office of Sustainability&#44; Apalachee Audubon Society&#44; Native Nurseries&#44; Proof Brewing Company//
https://natusfera.gbif.es/projects/cluster-italia-taranto-cnc-2019.mobile,Taranto,Italy,Italy,WWF Taranto,"Comune di Taranto&#44; Ecomuseo Palude la Vela e Mar Piccolo&#44; 
Natusfera&#44; WWF Italia&#44; AIGAE - Associazione Italiana Guide Ambientali Escursionistiche&#44; Polyxena a.p.s.&#44;
CNGEI - Associazione Scout Laica&#44;  EBN Italia&#44; Associazione Antropia - CEA Cisternino&#44; ForPLAY s.r.l&#44; ENVI.INFO&#44; Dolce Vita Magazine&#44; Italia Che Cambia&#44; Radio3 Rai&#44; Sapereambiente&#44; Fondazione CON IL SUD&#44; CESAB//"
https://www.inaturalist.org/projects/citynaturechallenge-2019-tel-aviv-jaffa-israel,Tel Aviv,Tel Aviv,Israel,Tel Aviv Municipality environment department:
https:/ /www.tel-aviv.gov.il/Residents/Environment/Pages/Environment.aspx

On facebook (green Tel Aviv)

https:/ /www.facebook.com/greentelaviv/?fref=ts,Tel Aviv municipality//
,Tena,Napo,Ecuador,Instituto Nacional de Biodiversidad (INABIO)&#44; Universidad Regional Amazónica (IKIAM),//
https://www.inaturalist.org/projects/city-nature-challenge-2019-teresina,Teresina,,Brazil,,//
https://www.inaturalist.org/projects/city-nature-challenge-2019-teton-communities,Teton-Yellowstone Communities,Wyoming/Idaho,USA,,//
https://www.inaturalist.org/projects/city-nature-challenge-2019-tokyo,Tokyo,Setagaya,Japan,Hiromi Kobori&#44;

Taku&#44; Iwaki&#44;,Tokyo Metropolitan Government&#44;
Segatayaku&#44;Govenment Office&#44;
WWF Japan//
https://www.naturalista.mx/projects/reto-naturalista-urbano-2019-torreon-coahuila-mx,Torreon,Coahuila,Mexico,"Francisco Valdes
Ma. Refugio Loya
Daniela Guzman",Prodefensa del Nazas AC//
https://natusfera.gbif.es/projects/cluster-italia-trento-cnc-2019,Trento,Trento,Italy,Muse&#44; Museo delle Scienze di Trento,"Società di scienze naturali del Trentino
Comune di Trento
Servizio Sviluppo Sostenibile e Aree Protette della Provincia Autonoma di Trento//
https://natusfera.gbif.es/projects/cluster-italia-trinitapoli-cnc-2019,Trinitapoli,Barletta-Andria-Trani,Italy,&#34;Casa di Ramsar&#34; 
Environmental Educatone Center
managed by L'Airone onlus no-profit association,Comune di Trinitapoli&#44; Natusfera&#44; WWF Italia&#44; AIGAE&#44; CNGEI - Associazione Scout Laica&#44; Associazione Antropia - CEA Cisternino&#44; EBN Italia&#44; For PLAY s.r.l&#44; ENVI.INFO&#44; Dolce Vita Magazine&#44; Italia Che Cambia&#44; Radio3 Rai&#44; Sapereambiente&#44; Fondazione CON IL SUD&#44; CESAB//
,Tulsa,Oklahoma,USA,Emily Mortimer&#44; Kristen Tanner,Oxley Nature Center&#44;Tulsa Zoo&#44; Ray Harald&#44; Nature Center&#44; The Gathering Place//
https://www.naturalista.mx/projects/reto-naturalista-urbano-2019-tuxtla-gutierrez-chis-mexico,Tuxtla Gutierrez,Chiapas,Mexico,Comisión Nacional para el Conocimiento y Uso de la Biodiversidad (CONABIO); Tierra Verde Naturaleza y Cultura A.C; Global Youth Biodiversity Network -Nodo Chiapas; Club de Observadores de Aves de Tuxtla; Royal Flycatcher Birding & Nature Photography Tours; Pajaro Cantil A.C; Buro Municipal de Turismo Tuxtla Gutiérrez; Secretaria de Medio Ambiente y Movilidad Urbana de Tuxtla Gutierrez,Universidad de Ciencias y Artes de Chiapas; Colegio de Bachilleres de Chiapas; Parque Nacional Cañón del Sumidero (CONANP); Programa de Aves Urbanas (PAU); Conservación y Gestión Ambiental de los Recursos Naturales A.C.//
,Vail,CO,US,Kristen Bertuglia
Pete Wadden,//
https://www.inaturalist.org/projects/city-nature-challenge-2019-vicenza-padova,Vicenza,Italy,Italy,WWF Vicenza-Padova,//
https://www.naturalista.mx/projects/biomaraton-cd-victoria-tam-2019,Victoria,Tamaulipas,México,Erick Ruben Rodriguez Ruiz
Arnulfo Moreno Valdez
Humberto Velez Horta
Cesar Puente Garcia,"Dirección de Biodiversidad
Comisión de Parques y Biodiversidad de Tamaulipas
Gobierno del Estado de Tamaulipas//"
https://www.inaturalist.org/projects/city-nature-challenge-2019-vitoria,Vitória,,Brazil,,//
https://citynaturechallengedc.org/,Washington D.C. Metropolitan Area,Washington DC,USA,Arlington Regional Master Naturalists&#44; Capital Nature&#44; Corazon Latino&#44; D.C. Regional Citizen Science Network&#44; National Geographic&#44; Smithsonian Institution&#44; The Nature Conservancy,Anacostia Watershed Society&#44; Arlington Regional Master Naturalists&#44; Calvert County Natural Resources Division&#44; Calvert Nature Society&#44; Capital Naturalist&#44; Capital Nature&#44; City of Rockville&#44; Croydon Creek Nature Center&#44; The Clifton Institute&#44; Fairfax County Public Library&#44; Four Mile Run Conservatory Foundation&#44; Friends of Titanic Memorial&#44; Friends of Wolf Trap&#44; Lyon Park Garden&#44; Montgomery Parks&#44; The Nature Conservancy&#44; Town of Chesapeake Beach and the Chesapeake Beach Green Team&#44; Tudor Place Historic House and Garden//
https://www.inaturalist.org/projects/city-nature-challenge-2019-wilmington-delaware,Wilmington,Delaware,USA,Delaware Museum of Natural History,//
,Youngstown,Ohio,USA,Environmental Collaborative of Ohio,Mill Creek MetroParks&#44; Boardman Park&#44; Boardman Local Schools&#44; Austintown Local Schools&#44; Mahoning County Career Technical Center&#44; Trumbull Neighborhood Partnership&#44; United Local School District//
https://www.inaturalist.org/projects/city-nature-challenge-2019-zagreb,Zagreb,,Croatia,Udruga Znanstvenici amateri (NGO Amateur Scientist),//